<?xml version="1.0" encoding="UTF-8"?>
<beans xmlns="http://www.springframework.org/schema/beans"
	xmlns:xsi="http://www.w3.org/2001/XMLSchema-instance"
	xmlns:context="http://www.springframework.org/schema/context"
	xmlns:mybatis-spring="http://mybatis.org/schema/mybatis-spring"
	xsi:schemaLocation="http://mybatis.org/schema/mybatis-spring http://mybatis.org/schema/mybatis-spring-1.2.xsd
		http://www.springframework.org/schema/beans https://www.springframework.org/schema/beans/spring-beans.xsd
		http://www.springframework.org/schema/context http://www.springframework.org/schema/context/spring-context-4.3.xsd">
	
	<!-- Root Context: defines shared resources visible to all other web components -->
		
	<!-- Root Context: defines shared resources visible to all other web components -->
	<!-- 내가 추가한거 -->
	<!-- 커넥션 풀 - 아파치 - Commons DBCP 2.8.0 -->
	<bean id="dataSource"
		class="org.apache.commons.dbcp2.BasicDataSource"
		destroy-method="close">
		<!-- log4jdbc.log4j2 때문에 기존 코드 주석친거 -->
		<property name="driverClassName" value="com.mysql.cj.jdbc.Driver" />
		<property name="url" value="jdbc:mysql://localhost:3306/my_cat?useUnicode=true&amp;characterEncoding=UTF-8&amp;useSSL=false&amp;serverTimezone=UTC&amp;allowPublicKeyRetrieval=true" /><!-- db포트, db명에 맞게 수정 -->
		<!-- 시작 끝-->
		<!-- log4jdbc.log4j2 때문에 수정 삽입한거 -->
		<!-- 시작 -->
		<!-- <property name="driverClassName" value="net.sf.log4jdbc.sql.jdbcapi.DriverSpy"/> 
			<property name="url" value="jdbc:log4jdbc:oracle:thin:@localhost:1521:ORCL" 
			/> -->
		<!-- 이거 오라클임 마이에스큐엘로 수정해야함 --> 
		<!-- 끝 -->

		<property name="username" value="root" /><!-- db 계정에 맞게 수정 -->
		<property name="password" value="root" /><!-- db 계정에 맞게 수정 -->
		<!-- Ensure connections default to UTF-8 at the session level -->
		<property name="connectionInitSqls">
			<list>
				<value>SET NAMES utf8mb4</value>
				<value>SET character_set_connection = utf8mb4</value>
				<value>SET collation_connection = utf8mb4_general_ci</value>
			</list>
		</property>
	</bean>

	<!-- 내가 추가한거 -->
	<!-- SQLSessionFactiory -->
	<bean id="sqlSessionFactory"
		class="org.mybatis.spring.SqlSessionFactoryBean">
		<property name="dataSource" ref="dataSource"></property>
		<!-- MyBatis XML 매퍼 로딩 경로 등록 (XML의 namespace/id 사용 가능해짐) -->
		<property name="mapperLocations" value="classpath*:com/baseball/**/mapper/*.xml" />
		<!-- underscore_to_camelCase 자동 매핑 활성화 -->
		<property name="configuration">
			<bean class="org.apache.ibatis.session.Configuration">
				<property name="mapUnderscoreToCamelCase" value="true" />
			</bean>
		</property>
	</bean>


	<!-- 내가 추가한거 -->
	<!-- mybatis - mapper 설정 -->
	<mybatis-spring:scan
		base-package="com.baseball.game.mapper, com.baseball.ranking.mapper" /><!-- game, ranking 통합 -->
	<context:component-scan base-package="com.baseball.game.service, com.baseball.ranking.service" use-default-filters="false">
		<context:include-filter type="annotation" expression="org.springframework.stereotype.Service"/>
	</context:component-scan>

	<!-- 내가 추가한거 -->
	<!-- <context:component-scan base-package="org.zerock.sample"> </context:component-scan> -->
	<context:component-scan base-package="com.baseball.game.repository, com.baseball.ranking.repository" use-default-filters="false">
		<context:include-filter type="annotation" expression="org.springframework.stereotype.Repository"/>
	</context:component-scan>

	<!-- Redis 설정 추가 -->
	<bean id="redisConnectionFactory" class="org.springframework.data.redis.connection.lettuce.LettuceConnectionFactory">
		<constructor-arg value="localhost"/>
		<constructor-arg value="6379"/>
	</bean>

	<bean id="redisTemplate" class="org.springframework.data.redis.core.RedisTemplate">
		<property name="connectionFactory" ref="redisConnectionFactory"/>
		<property name="keySerializer">
			<bean class="org.springframework.data.redis.serializer.StringRedisSerializer"/>
		</property>
		<property name="valueSerializer">
			<bean class="org.springframework.data.redis.serializer.GenericJackson2JsonRedisSerializer"/>
		</property>
	</bean>
</beans>
