<?xml version="1.0" encoding="UTF-8"?>
<beans:beans xmlns="http://www.springframework.org/schema/mvc"
	xmlns:xsi="http://www.w3.org/2001/XMLSchema-instance"
	xmlns:beans="http://www.springframework.org/schema/beans"
	xmlns:context="http://www.springframework.org/schema/context"
	xsi:schemaLocation="http://www.springframework.org/schema/mvc https://www.springframework.org/schema/mvc/spring-mvc.xsd
		http://www.springframework.org/schema/beans https://www.springframework.org/schema/beans/spring-beans.xsd
		http://www.springframework.org/schema/context https://www.springframework.org/schema/context/spring-context.xsd">

	<!-- DispatcherServlet Context: defines this servlet's request-processing infrastructure -->
	
	<!-- Enables the Spring MVC @Controller programming model -->
	<annotation-driven />

	<!-- Handles HTTP GET requests for /resources/** by efficiently serving up static resources in the ${webappRoot}/resources directory -->
	<resources mapping="/resources/**" location="/resources/" />

	<!-- Resolves views selected for rendering by @Controllers to .jsp resources in the /WEB-INF/views directory -->
	<beans:bean class="org.springframework.web.servlet.view.InternalResourceViewResolver">
		<beans:property name="prefix" value="/WEB-INF/views/" />
		<beans:property name="suffix" value=".jsp" />
	</beans:bean>
	
	<!-- 컨트롤러만 스캔: game, ranking 패키지에서 @Controller/@ControllerAdvice 포함, Boot 구성은 제외 -->
	<context:component-scan base-package="com.baseball.game, com.baseball.ranking" use-default-filters="false">
		<context:include-filter type="annotation" expression="org.springframework.stereotype.Controller"/>
		<context:include-filter type="annotation" expression="org.springframework.web.bind.annotation.ControllerAdvice"/>
		<context:exclude-filter type="annotation" expression="org.springframework.boot.SpringBootConfiguration"/>
		<context:exclude-filter type="annotation" expression="org.springframework.boot.autoconfigure.SpringBootApplication"/>
		<context:exclude-filter type="assignable" expression="com.baseball.game.GameApplication"/>
	</context:component-scan>

	<!-- CORS 등 Java @Configuration 빈 로딩을 위해 config 패키지도 스캔 -->
	<context:component-scan base-package="com.baseball.game.config" use-default-filters="false">
		<context:include-filter type="annotation" expression="org.springframework.context.annotation.Configuration"/>
	</context:component-scan>
	
	
</beans:beans>
