<?xml version="1.0" encoding="UTF-8"?>
<!DOCTYPE mapper
	PUBLIC "-//mybatis.org//DTD Mapper 3.0//EN"
	"http://mybatis.org/dtd/mybatis-3-mapper.dtd">
<mapper namespace="com.baseball.game.mapper.PitcherMapper">
	<select id="findByTeam" resultType="com.baseball.game.dto.Pitcher">
		SELECT
			Player_Name AS name,
			Player_Team AS team,
			Innings_Pitched AS inningsPitched,
			Strike_Out AS strikeouts,
			Base_On_Balls AS walks,
			Hit_By_Pitch AS hitByPitch,
			Hits AS hits,
			Earned_Run AS earnedRuns,
			Earned_Run_Average AS era,
			WHIP AS whip,
			Total_Batters_Faced AS pitchersBattersFaced
		FROM kbo_pitcher_stats_2024
		WHERE Player_Team = #{team}
		ORDER BY Player_Name
	</select>

	<select id="findNamesByTeam" resultType="String">
		SELECT Player_Name
		FROM kbo_pitcher_stats_2024
		WHERE Player_Team = #{team} and Innings_Pitched > 110
		ORDER BY Player_Name
	</select>

	<select id="findByNames" resultType="com.baseball.game.dto.Pitcher">
		SELECT
			Player_Name AS name,
			Player_Team AS team,
			Innings_Pitched AS inningsPitched,
			Strike_Out AS strikeouts,
			Base_On_Balls AS walks,
			Hit_By_Pitch AS hitByPitch,
			Earned_Run_Average AS era,
			Hits AS hits,
			Earned_Run AS earnedRuns,
			WHIP AS whip,
			Total_Batters_Faced AS pitchersBattersFaced
		FROM kbo_pitcher_stats_2024
		WHERE Player_Name IN
		<foreach collection="names" item="n" open="(" separator="," close=")">
			#{n}
		</foreach>
		ORDER BY Player_Name
	</select>

	<select id="findByName" resultType="com.baseball.game.dto.Pitcher">
		SELECT
			Player_Name AS name,
			Player_Team AS team,
			Innings_Pitched AS inningsPitched,
			Strike_Out AS strikeouts,
			Base_On_Balls AS walks,
			Hits AS hits,
			Earned_Run AS earnedRuns,
			Earned_Run_Average AS era,
			WHIP AS whip,
			Total_Batters_Faced AS pitchersBattersFaced,
			Hit_By_Pitch AS hitByPitch
		FROM kbo_pitcher_stats_2024
		WHERE Player_Name = #{name}
	</select>
</mapper>